{"cameraMode":{"drawMode":0,"name":"Shaded","section":"Shading Mode"},"sceneLighting":true,"audioPlay":false,"sceneViewState":{"m_AlwaysRefresh":false,"showFog":true,"showSkybox":true,"showFlares":true,"showImageEffects":true,"showParticleSystems":true,"showVisualEffectGraphs":true,"m_FxEnabled":true},"in2DMode":false,"pivot":{"x":915.7808227539063,"y":594.5404663085938,"z":205.2642822265625},"rotation":{"x":-0.037797097116708758,"y":0.009588994085788727,"z":-0.0002948561159428209,"w":-0.9991669058799744},"size":283.196044921875,"orthographic":false}