{"cameraMode":{"drawMode":0,"name":"Shaded","section":"Shading Mode"},"sceneLighting":true,"audioPlay":false,"sceneViewState":{"m_AlwaysRefresh":false,"showFog":true,"showSkybox":true,"showFlares":true,"showImageEffects":true,"showParticleSystems":true,"showVisualEffectGraphs":true,"m_FxEnabled":true},"in2DMode":false,"pivot":{"x":-3.2570011615753176,"y":-16.361740112304689,"z":33.65928649902344},"rotation":{"x":-0.23652376234531403,"y":0.010778858326375485,"z":-0.002628911752253771,"w":-0.9715279340744019},"size":29.033300399780275,"orthographic":false}